{
  "APP_THEME": "#9D7C2D",
  "APP_THEME_RED": "#9C2028",
  "BUTTON_BLUE": "#0f9bdc",
  "BUTTON": "#16A89E",
  "CHAT_PLACEHOLDER": "#E0E0E0",
  "EDIT_PROFILE_BG_COLOR": "#E5E5E5",
  "FIRST_EXP_GRAY": "#6a6a6a",
  "GRAY": "#979797",
  "LOGOUT_TEXT": "#EA4237",
  "MATERIAL_TEXT_COLOR": "#1D1D1D",
  "NATURAL_BLACK": "#151522",
  "NEWS_BACKGROUND_GRAY": "#e4e4e4",
  "NEWS_BOLD_FONT": "#2f2f2f",
  "NEWS_NORMAL_FONT": "#505050",
  "PLACE_HOLDER_HIGHLIGHTER": "#D3D3D3",
  "PLAYER_EXCLUDED_RED": "#ed6363",
  "PLAYER_INCLUDED_GREEN": "#63c368",
  "PROFILE_DESCRIPTION_COLOR": "#9b9b9b",
  "SELECTED_DRAWER_ITEM_BLUE": "#151b48",
  "SEPARATOR_WHITE": "#f6f7ff",
  "STATUS_BAR_BLUE": "#252b55",
  "TEXT_BLACK": "#282828",
  "TEXT_GRAY": "#505050",
  "TEXT_LIGHT_BLACK": "#797979",
  "UNSELECTED_MATERIAL": "#D6D6D6",
  "UPLOAD_PROFILE_BG_COLOR": "#656565",
  "WHITE": "#ffffff",
  "APP_HEADER": "#81628b",
  "OTP_BACKGROUND": "rgba(157, 124, 45, 0.2",
  "GREEN_CARD": "#48CFAF",
  "ORANGE_CARD": "#F86668",
  "YELLOW_CARD": "#FFD76F",
  "WATER_CARD": "#2389da",
  "FIRE_CARD": "#e25822",
  "GRASS_CARD": "#567d46",
  "FLYING_CARD": "#48CFAF",
  "GROUND_CARD": "#8C3B0C",
  "POISON_CARD": "#A040A0",
  "NORMAL_CARD": "#A8A878",
  "GHOST_CARD": "#705898",
  "PSYCHIC_CARD": "#F85888",
  "FIGHTING_CARD": "#C03028",
  "ELECTRIC_CARD": "#F8D030",
  "BUG_CARD": "#A8B820",
  "FAIRY_CARD": "#EE99AC",
  "DRAGON_CARD": "#7038F8",
  "ICE_CARD": "#98D8D8",
  "ROCK_CARD": "#B8A038",
  "STEEL_CARD": "#B8B8D0"
}
